sample_id,text,esg_label,sentiment_label,source_name,source_url,company,risk_label,split_source
manual_esg_test_001,The company reported a significant reduction in carbon emissions through renewable energy adoption.,Environmental,Positive,manual,,Company A,Low,manual_esg_test.csv
manual_esg_test_002,The company faced regulatory criticism for failing to disclose climate-related risks.,Environmental,Negative,manual,,Company B,High,manual_esg_test.csv
manual_esg_test_003,The firm increased investment in water conservation and waste reduction programs.,Environmental,Positive,manual,,Company C,Low,manual_esg_test.csv
manual_esg_test_004,The company reported higher greenhouse gas emissions from its manufacturing operations.,Environmental,Negative,manual,,Company D,High,manual_esg_test.csv
manual_esg_test_005,The company published its annual climate transition plan.,Environmental,Neutral,manual,,Company E,Medium,manual_esg_test.csv
manual_esg_test_006,The company improved workplace safety training and reduced employee injury rates.,Social,Positive,manual,,Company F,Low,manual_esg_test.csv
manual_esg_test_007,The firm was criticized for poor labor conditions in its supplier factories.,Social,Negative,manual,,Company G,High,manual_esg_test.csv
manual_esg_test_008,The company expanded diversity and inclusion programs across global offices.,Social,Positive,manual,,Company H,Low,manual_esg_test.csv
manual_esg_test_009,The company reported a data privacy incident affecting customer information.,Social,Negative,manual,,Company I,High,manual_esg_test.csv
manual_esg_test_010,The company announced a new employee wellness policy.,Social,Neutral,manual,,Company J,Medium,manual_esg_test.csv
manual_esg_test_011,The board strengthened audit committee oversight and compliance controls.,Governance,Positive,manual,,Company K,Low,manual_esg_test.csv
manual_esg_test_012,The company was investigated for bribery and weak internal controls.,Governance,Negative,manual,,Company L,High,manual_esg_test.csv
manual_esg_test_013,The firm improved board independence by appointing additional independent directors.,Governance,Positive,manual,,Company M,Low,manual_esg_test.csv
manual_esg_test_014,The company faced shareholder criticism over executive compensation practices.,Governance,Negative,manual,,Company N,High,manual_esg_test.csv
manual_esg_test_016,The company reported quarterly revenue growth above analyst expectations.,Non-ESG,Positive,manual,,Company P,Low,manual_esg_test.csv
manual_esg_test_017,The firm launched a new mobile application for retail customers.,Non-ESG,Neutral,manual,,Company Q,Low,manual_esg_test.csv
manual_esg_test_018,The company opened new stores in several Asian markets.,Non-ESG,Neutral,manual,,Company R,Low,manual_esg_test.csv
manual_esg_test_020,The company reported lower sales due to weak consumer demand.,Non-ESG,Negative,manual,,Company T,Low,manual_esg_test.csv
1,"Microsoft states that it is pursuing carbon negative, water positive, and zero waste goals by 2030, with environmental reporting focused on carbon, water, waste, and ecosystems.",Environmental,Positive,Microsoft Sustainability,https://www.microsoft.com/en-us/corporate-responsibility/sustainability,Microsoft,Low,esg_real_world_50_samples.csv
2,Microsoft reported progress toward its environmental goals but also acknowledged pressure from Scope 3 and supplier-related emissions linked to business growth and infrastructure demand.,Environmental,Neutral,Microsoft Sustainability Report,https://www.microsoft.com/en-us/corporate-responsibility/sustainability/report/,Microsoft,Medium,esg_real_world_50_samples.csv
3,"Apple describes its Apple 2030 plan as a strategy to reduce greenhouse gas emissions through recycled materials, renewable energy, lower-carbon transport, and carbon removal.",Environmental,Positive,Apple Environment,https://www.apple.com/environment/,Apple,Low,esg_real_world_50_samples.csv
4,Apple's environmental reporting highlights increased use of recycled and renewable materials across products to reduce product lifecycle emissions.,Environmental,Positive,Apple Environmental Progress Report 2024,https://www.apple.com/environment/pdf/Apple_Environmental_Progress_Report_2024.pdf,Apple,Low,esg_real_world_50_samples.csv
5,"Walmart says its sustainability work includes reducing greenhouse gas emissions, regenerating natural resources, reducing product and packaging waste, and improving supply chain resilience.",Environmental,Positive,Walmart Sustainability,https://corporate.walmart.com/purpose/sustainability,Walmart,Low,esg_real_world_50_samples.csv
6,"Walmart reported that nearly half of its global electricity needs were supplied by renewable sources in 2024, while continuing to track progress against long-term climate goals.",Environmental,Positive,Walmart FY2025 ESG Report,https://corporate.walmart.com/content/dam/corporate/documents/esgreport/2025/FY2025-Walmart-ESG-Report.pdf,Walmart,Low,esg_real_world_50_samples.csv
7,Amazon reported that all electricity consumed by its operations was matched with renewable energy sources in 2024 for the second consecutive year.,Environmental,Positive,Amazon Sustainability Report 2024,https://sustainability.aboutamazon.com/2024-report,Amazon,Low,esg_real_world_50_samples.csv
8,"Amazon's 2024 sustainability report discusses decarbonization, waste prevention, responsible diversion of waste, and broader sustainability initiatives across business units.",Environmental,Positive,Amazon Sustainability Report PDF,https://sustainability.aboutamazon.com/2024-amazon-sustainability-report.pdf,Amazon,Low,esg_real_world_50_samples.csv
9,Coca-Cola was criticized by campaigners after changing a reusable packaging target and emphasizing recycled content and collection goals instead of the earlier reuse commitment.,Environmental,Negative,Guardian Coca-Cola reusable packaging report,https://www.theguardian.com/environment/2024/dec/03/coca-cola-accused-dropping-reusable-packaging-target,Coca-Cola,High,esg_real_world_50_samples.csv
10,Los Angeles County sued PepsiCo and Coca-Cola over allegations that the companies misled the public about plastic bottle recyclability and environmental impacts.,Environmental,Negative,AP beverage plastic lawsuit,https://apnews.com/article/c326225a08b2a2778afdd27d3db2d628,Coca-Cola / PepsiCo,High,esg_real_world_50_samples.csv
11,"A German court ruled that Apple could not advertise its Apple Watch as carbon neutral in Germany, citing concerns about carbon offset claims and long-term project certainty.",Environmental,Negative,Reuters Apple Watch carbon-neutral ruling,https://www.reuters.com/sustainability/climate-energy/apple-watch-not-co2-neutral-product-german-court-finds-2025-08-26/,Apple,High,esg_real_world_50_samples.csv
12,"The SEC adopted rules to enhance and standardize climate-related disclosures by public companies, reflecting investor demand for comparable climate risk information.",Environmental,Neutral,SEC climate disclosure rule,https://www.sec.gov/newsroom/press-releases/2024-31,SEC climate rule,Medium,esg_real_world_50_samples.csv
13,Nike's sustainability materials frame climate change as a major challenge and describe innovation efforts intended to reduce environmental impact across products and operations.,Environmental,Positive,Nike Sustainability,https://about.nike.com/en/mission/focus-areas/sustainability,Nike,Low,esg_real_world_50_samples.csv
14,"Apple reported continued work on supplier clean energy, recycled inputs, and lower-carbon product design as part of its broader emissions reduction plan.",Environmental,Positive,Apple Environment,https://www.apple.com/environment/,Apple,Low,esg_real_world_50_samples.csv
15,"Nike reported maintaining pay equity for women globally and U.S. racial and ethnic minorities, while continuing efforts to diversify leadership and strengthen representation.",Social,Positive,Nike FY22 Impact Report,https://about.nike.com/en/resources/fy22-nike-inc-impact-report,Nike,Low,esg_real_world_50_samples.csv
16,"Nike's sustainability data discusses injury rates and worker safety metrics covering full-time and certain temporary workers, indicating ongoing tracking of workplace safety performance.",Social,Neutral,Nike FY24 Sustainability Data,https://media.about.nike.com/files/460d3198-9609-4f5b-b18c-d4e7aa570bff/FY24_NIKE%2C-Inc.-Sustainability-Data.pdf,Nike,Medium,esg_real_world_50_samples.csv
17,Starbucks states that responsible sourcing and human rights practices are embedded in coffee and environmental supply chain initiatives involving farms and suppliers.,Social,Positive,Starbucks Fiscal 2024 Global Impact Report,https://about.starbucks.com/uploads/2025/05/Starbucks-Fiscal-2024-Global-Impact-Report.pdf,Starbucks,Low,esg_real_world_50_samples.csv
18,"Brazilian workers filed a lawsuit alleging forced-labor-like conditions on coffee farms connected to Starbucks supply chains, raising serious supply chain human rights concerns.",Social,Negative,Guardian Starbucks forced labor lawsuit,https://www.theguardian.com/world/2025/apr/24/starbucks-brazil-coffee-forced-labour,Starbucks,High,esg_real_world_50_samples.csv
19,"Coca-Cola HBC states that it is committed to identifying, preventing, and mitigating adverse human rights impacts connected with employees and business relationships.",Social,Positive,Coca-Cola HBC Sustainability Statement 2024,https://www.coca-colahellenic.com/content/dam/cch/us/documents/oar2024/sustainability-statement-2024.pdf,Coca-Cola HBC,Low,esg_real_world_50_samples.csv
20,Unilever's sustainability statement describes board-level oversight of human rights due diligence and risk management through governance bodies and committees.,Social,Positive,Unilever Sustainability Statement,https://www.unilever.com/files/unilever-sustainability-statement.pdf,Unilever,Low,esg_real_world_50_samples.csv
21,Walmart says its sustainability priorities include supporting people in supply chains through responsible sourcing and inclusive economic opportunity.,Social,Positive,Walmart Sustainability,https://corporate.walmart.com/purpose/sustainability,Walmart,Low,esg_real_world_50_samples.csv
22,Amazon's sustainability reporting references workplace safety programs and supply chain standards as part of its broader sustainability operating model.,Social,Neutral,Amazon Sustainability Report 2024,https://sustainability.aboutamazon.com/2024-report,Amazon,Medium,esg_real_world_50_samples.csv
23,Starbucks works with coffee farms and suppliers to deliver products while also supporting economic development in the communities tied to its sourcing network.,Social,Positive,Starbucks Fiscal 2024 Global Impact Report,https://about.starbucks.com/uploads/2025/05/Starbucks-Fiscal-2024-Global-Impact-Report.pdf,Starbucks,Low,esg_real_world_50_samples.csv
24,"Coca-Cola HBC describes employee onboarding and leadership programs that cover diversity, equity, inclusion, and human rights topics.",Social,Positive,Coca-Cola HBC Sustainability Statement 2024,https://www.coca-colahellenic.com/content/dam/cch/us/documents/oar2024/sustainability-statement-2024.pdf,Coca-Cola HBC,Low,esg_real_world_50_samples.csv
25,Unilever states that human rights remain a core part of its sustainability agenda and are connected to how the company manages social impact across operations.,Social,Positive,Unilever Sustainability,https://www.unilever.com/sustainability/,Unilever,Low,esg_real_world_50_samples.csv
26,"Amazon's report highlights efforts to build a more sustainable company for partners, employees, and communities while continuing to manage workplace and supply chain priorities.",Social,Neutral,Amazon Sustainability Report 2024,https://sustainability.aboutamazon.com/2024-amazon-sustainability-report.pdf,Amazon,Medium,esg_real_world_50_samples.csv
27,The SEC charged WisdomTree with failing to follow its own investment criteria for ESG-marketed funds and with misstating exposure to fossil fuels and tobacco.,Governance,Negative,SEC WisdomTree ESG enforcement,https://www.sec.gov/newsroom/press-releases/2024-173,WisdomTree,High,esg_real_world_50_samples.csv
28,"The SEC charged Deutsche Bank subsidiary DWS over misstatements regarding ESG investments and related compliance failures, leading to a monetary settlement.",Governance,Negative,SEC DWS ESG enforcement,https://www.sec.gov/newsroom/press-releases/2023-194,DWS,High,esg_real_world_50_samples.csv
29,German prosecutors fined DWS after finding that the asset manager made misleading ESG-related statements in marketing and documentation.,Governance,Negative,Reuters DWS German greenwashing fine,https://www.reuters.com/sustainability/german-asset-manager-dws-fined-25-mln-eur-greenwashing-case-2025-04-02/,DWS,High,esg_real_world_50_samples.csv
30,The SEC charged Vale with misleading investors about dam safety and related environmental and economic risks before a major mining disaster.,Governance,Negative,SEC Vale dam safety case,https://www.sec.gov/newsroom/press-releases/2022-72,Vale,High,esg_real_world_50_samples.csv
31,The Apple Watch carbon-neutral ruling raised governance concerns about the substantiation and oversight of environmental marketing claims.,Governance,Negative,Reuters Apple Watch carbon-neutral ruling,https://www.reuters.com/sustainability/climate-energy/apple-watch-not-co2-neutral-product-german-court-finds-2025-08-26/,Apple,High,esg_real_world_50_samples.csv
32,"The SEC climate disclosure rule increased governance expectations for board oversight, risk controls, and reliable public-company climate reporting.",Governance,Neutral,SEC climate disclosure rule,https://www.sec.gov/newsroom/press-releases/2024-31,SEC climate rule,Medium,esg_real_world_50_samples.csv
33,"Unilever states that its board and corporate responsibility committee oversee human rights due diligence and risk management, linking social risk to governance oversight.",Governance,Positive,Unilever Sustainability Statement,https://www.unilever.com/files/unilever-sustainability-statement.pdf,Unilever,Low,esg_real_world_50_samples.csv
34,"Walmart frames ESG reporting as part of building stakeholder trust while managing emissions, responsible sourcing, natural resources, and supply chain resilience.",Governance,Positive,Walmart Sustainability,https://corporate.walmart.com/purpose/sustainability,Walmart,Low,esg_real_world_50_samples.csv
35,"Microsoft's sustainability reporting describes transparency and accountability around environmental goals, which supports governance oversight of climate commitments.",Governance,Positive,Microsoft Sustainability Report,https://www.microsoft.com/en-us/corporate-responsibility/sustainability/report/,Microsoft,Low,esg_real_world_50_samples.csv
36,"Starbucks identifies supply chain sustainability and climate-related risks in its annual reporting, indicating governance attention to operational and sourcing risks.",Governance,Neutral,Starbucks Fiscal 2024 Annual Report,https://s203.q4cdn.com/326826266/files/doc_financials/2024/ar/Starbucks-Fiscal-2024-Annual-Report.pdf,Starbucks,Medium,esg_real_world_50_samples.csv
37,"The Los Angeles County lawsuit against beverage companies alleges misleading environmental claims, creating governance risk around disclosure controls and marketing oversight.",Governance,Negative,AP beverage plastic lawsuit,https://apnews.com/article/c326225a08b2a2778afdd27d3db2d628,Coca-Cola / PepsiCo,High,esg_real_world_50_samples.csv
38,The WisdomTree case shows that ESG fund governance requires internal controls capable of ensuring marketed investment screens are actually implemented.,Governance,Negative,SEC WisdomTree ESG enforcement,https://www.sec.gov/newsroom/press-releases/2024-173,WisdomTree,High,esg_real_world_50_samples.csv
39,"Starbucks' annual report discusses risks related to opening new stores, scaling supply chain infrastructure, and adapting product offerings to consumer preferences.",Non-ESG,Neutral,Starbucks Fiscal 2024 Annual Report,https://s203.q4cdn.com/326826266/files/doc_financials/2024/ar/Starbucks-Fiscal-2024-Annual-Report.pdf,Starbucks,Low,esg_real_world_50_samples.csv
40,"Feng Tay reported that despite a turbulent global economy and sportswear industry competition, revenue increased slightly and profit metrics outperformed the previous year.",Non-ESG,Positive,Feng Tay 2024 Sustainability Report,https://www.fengtay.com/uploads/images/csr/English/2024ESGreport_en.pdf,Feng Tay,Low,esg_real_world_50_samples.csv
41,Coca-Cola FEMSA described 2024 as part of a broader transformation while reporting business progress and implementation of strategic initiatives.,Non-ESG,Positive,Coca-Cola FEMSA 2024 Integrated Report,https://investors.coca-colafemsa.com/assets/files/reportes_resultados_en/2024/integrated-report-kof-ir-2024-eng.pdf,Coca-Cola FEMSA,Low,esg_real_world_50_samples.csv
42,"Amazon's sustainability report covers multiple business units including AWS, Devices, Amazon Fresh, Whole Foods Market, Stores, and Twitch.",Non-ESG,Neutral,Amazon Sustainability Report PDF,https://sustainability.aboutamazon.com/2024-amazon-sustainability-report.pdf,Amazon,Low,esg_real_world_50_samples.csv
43,Apple announced new product design and materials information across its devices as part of broader product development and operations updates.,Non-ESG,Neutral,Apple Environment,https://www.apple.com/environment/,Apple,Low,esg_real_world_50_samples.csv
44,"Microsoft provides annual sustainability updates alongside broader corporate responsibility reporting for customers, partners, and employees.",Non-ESG,Neutral,Microsoft Sustainability Report,https://www.microsoft.com/en-us/corporate-responsibility/sustainability/report/,Microsoft,Low,esg_real_world_50_samples.csv
45,Nike publishes sustainability data files as part of its corporate reporting package and uses them to provide structured information to stakeholders.,Non-ESG,Neutral,Nike FY24 Sustainability Data,https://media.about.nike.com/files/460d3198-9609-4f5b-b18c-d4e7aa570bff/FY24_NIKE%2C-Inc.-Sustainability-Data.pdf,Nike,Low,esg_real_world_50_samples.csv
46,"Walmart describes sustainability as connected to everyday low cost, supply certainty, innovation, and long-term business resilience.",Non-ESG,Neutral,Walmart Sustainability,https://corporate.walmart.com/purpose/sustainability,Walmart,Low,esg_real_world_50_samples.csv
47,"Starbucks annual reporting discusses market factors, supply chain infrastructure, product innovation, and customer response as business risks.",Non-ESG,Neutral,Starbucks Fiscal 2024 Annual Report,https://s203.q4cdn.com/326826266/files/doc_financials/2024/ar/Starbucks-Fiscal-2024-Annual-Report.pdf,Starbucks,Low,esg_real_world_50_samples.csv
48,"Unilever's annual reporting covers company performance, strategic priorities, and operating context in addition to sustainability disclosures.",Non-ESG,Neutral,Unilever Annual Report 2024,https://www.unilever.com/files/unilever-annual-report-and-accounts-2024.pdf,Unilever,Low,esg_real_world_50_samples.csv
49,Coca-Cola HBC describes leadership programs and internal policy communication as part of general management and employee onboarding processes.,Non-ESG,Neutral,Coca-Cola HBC Sustainability Statement 2024,https://www.coca-colahellenic.com/content/dam/cch/us/documents/oar2024/sustainability-statement-2024.pdf,Coca-Cola HBC,Low,esg_real_world_50_samples.csv
50,"Amazon's report explains that sustainability coverage spans subsidiaries and business units, which is a reporting scope statement rather than a specific ESG risk event.",Non-ESG,Neutral,Amazon Sustainability Report PDF,https://sustainability.aboutamazon.com/2024-amazon-sustainability-report.pdf,Amazon,Low,esg_real_world_50_samples.csv
HARD_E_001,The company disclosed that Scope 1 and Scope 2 carbon emissions rose after production expanded faster than its renewable energy program.,Environmental,Negative,synthetic_hard_examples,,Company Alpha,High,esg_hard_examples.csv
HARD_E_002,Management said its climate transition plan now prioritizes renewable energy procurement to lower Scope 1 and Scope 2 emissions over the next three years.,Environmental,Positive,synthetic_hard_examples,,Company Beta,Low,esg_hard_examples.csv
HARD_E_003,The annual report noted higher water usage at several facilities located in drought-prone regions without a matching reduction target.,Environmental,Negative,synthetic_hard_examples,,Company Gamma,High,esg_hard_examples.csv
HARD_E_004,The issuer expanded on-site solar generation and battery storage as part of a broader climate transition strategy.,Environmental,Positive,synthetic_hard_examples,,Company Delta,Low,esg_hard_examples.csv
HARD_E_005,Environmental regulators opened a review after repeated pollution events at the company's coastal processing plant.,Environmental,Negative,synthetic_hard_examples,,Company Epsilon,High,esg_hard_examples.csv
HARD_E_006,The sustainability update described lower landfill waste and better hazardous waste segregation across manufacturing sites.,Environmental,Positive,synthetic_hard_examples,,Company Zeta,Low,esg_hard_examples.csv
HARD_E_007,The company stated that biodiversity monitoring will continue around new mining assets but did not report measurable restoration outcomes.,Environmental,Neutral,synthetic_hard_examples,,Company Eta,Medium,esg_hard_examples.csv
HARD_E_008,Management warned that stricter environmental regulation could increase compliance spending for wastewater treatment.,Environmental,Negative,synthetic_hard_examples,,Company Theta,High,esg_hard_examples.csv
HARD_E_009,The climate disclosure confirmed that renewable electricity covered most office operations but not the firm's outsourced data centers.,Environmental,Neutral,synthetic_hard_examples,,Company Iota,Medium,esg_hard_examples.csv
HARD_E_010,The company reduced packaging waste by redesigning shipping materials and shifting suppliers toward recyclable inputs.,Environmental,Positive,synthetic_hard_examples,,Company Kappa,Low,esg_hard_examples.csv
HARD_E_011,The filing acknowledged a spike in nitrogen oxide emissions during plant maintenance outages.,Environmental,Negative,synthetic_hard_examples,,Company Lambda,High,esg_hard_examples.csv
HARD_E_012,The board approved new targets for water usage intensity after several regions reported tightening water permits.,Environmental,Neutral,synthetic_hard_examples,,Company Mu,Medium,esg_hard_examples.csv
HARD_E_013,The sustainability committee linked future capital spending to climate disclosure quality and progress on emissions reduction.,Environmental,Positive,synthetic_hard_examples,,Company Nu,Low,esg_hard_examples.csv
HARD_E_014,The company recorded higher waste treatment costs after contamination was found in storage areas near a distribution hub.,Environmental,Negative,synthetic_hard_examples,,Company Xi,High,esg_hard_examples.csv
HARD_E_015,Management said biodiversity risk assessments will be embedded in project approvals for new land-intensive sites.,Environmental,Neutral,synthetic_hard_examples,,Company Omicron,Medium,esg_hard_examples.csv
HARD_E_016,The report highlighted that Scope 1 emissions fell after fuel switching and better heat recovery systems were installed.,Environmental,Positive,synthetic_hard_examples,,Company Pi,Low,esg_hard_examples.csv
HARD_E_017,Several investors challenged the company's climate transition assumptions because planned offsets were not supported by detailed disclosure.,Environmental,Negative,synthetic_hard_examples,,Company Rho,High,esg_hard_examples.csv
HARD_E_018,The company expanded renewable energy contracts to cover a larger share of manufacturing electricity demand.,Environmental,Positive,synthetic_hard_examples,,Company Sigma,Low,esg_hard_examples.csv
HARD_E_019,The issuer published a revised climate disclosure that added scenario analysis for carbon pricing and physical risk.,Environmental,Neutral,synthetic_hard_examples,,Company Tau,Medium,esg_hard_examples.csv
HARD_E_020,The operating review said local authorities cited the company for stormwater pollution linked to waste handling failures.,Environmental,Negative,synthetic_hard_examples,,Company Upsilon,High,esg_hard_examples.csv
HARD_S_001,The company reported fewer worker safety incidents after expanding mandatory training at warehouse and transport sites.,Social,Positive,synthetic_hard_examples,,Company Phi,Low,esg_hard_examples.csv
HARD_S_002,A supplier labor audit found excessive overtime and weak grievance channels at several subcontractor facilities.,Social,Negative,synthetic_hard_examples,,Company Chi,High,esg_hard_examples.csv
HARD_S_003,Management introduced a new human rights due diligence process for sourcing from higher-risk regions.,Social,Neutral,synthetic_hard_examples,,Company Psi,Medium,esg_hard_examples.csv
HARD_S_004,The annual report described stronger diversity and inclusion hiring outcomes across technical leadership roles.,Social,Positive,synthetic_hard_examples,,Company Omega,Low,esg_hard_examples.csv
HARD_S_005,The company faced allegations of employee harassment that triggered an internal review and external legal counsel.,Social,Negative,synthetic_hard_examples,,Company Atlas,High,esg_hard_examples.csv
HARD_S_006,Customer privacy controls were upgraded after a prior review identified weak consent management in the mobile platform.,Social,Positive,synthetic_hard_examples,,Company Beacon,Low,esg_hard_examples.csv
HARD_S_007,The issuer disclosed a product safety investigation involving overheating units sold in two regional markets.,Social,Negative,synthetic_hard_examples,,Company Cedar,High,esg_hard_examples.csv
HARD_S_008,"The workforce reduction program was described as a cost action, but the filing also noted expanded transition support for affected staff.",Social,Neutral,synthetic_hard_examples,,Company Drift,Medium,esg_hard_examples.csv
HARD_S_009,"Community impact spending increased around the firm's new manufacturing corridor, with funding directed to local job training.",Social,Positive,synthetic_hard_examples,,Company Ember,Low,esg_hard_examples.csv
HARD_S_010,The report noted persistent labor conditions complaints from temporary workers at a seasonal packaging site.,Social,Negative,synthetic_hard_examples,,Company Forge,High,esg_hard_examples.csv
HARD_S_011,"The company rolled out new supplier labor standards covering wage disclosure, rest periods, and corrective action plans.",Social,Neutral,synthetic_hard_examples,,Company Grove,Medium,esg_hard_examples.csv
HARD_S_012,Management said worker safety performance improved after installing automated shutoff systems in older facilities.,Social,Positive,synthetic_hard_examples,,Company Harbor,Low,esg_hard_examples.csv
HARD_S_013,A cybersecurity event exposed customer privacy weaknesses and required notification to impacted account holders.,Social,Negative,synthetic_hard_examples,,Company Ivory,High,esg_hard_examples.csv
HARD_S_014,The company expanded mentorship and diversity and inclusion targets for women in operations leadership.,Social,Positive,synthetic_hard_examples,,Company Juniper,Low,esg_hard_examples.csv
HARD_S_015,The human rights statement acknowledged higher monitoring needs in agricultural sourcing chains but reported no confirmed severe breaches.,Social,Neutral,synthetic_hard_examples,,Company Keystone,Medium,esg_hard_examples.csv
HARD_S_016,Several communities challenged the firm's land-use plan because consultation on local impacts was incomplete.,Social,Negative,synthetic_hard_examples,,Company Linden,High,esg_hard_examples.csv
HARD_S_017,The company updated product safety testing standards before releasing a redesigned consumer device.,Social,Positive,synthetic_hard_examples,,Company Meridian,Low,esg_hard_examples.csv
HARD_S_018,Management disclosed that supplier labor findings would now affect vendor renewal decisions and executive review.,Social,Neutral,synthetic_hard_examples,,Company Northstar,Medium,esg_hard_examples.csv
HARD_S_019,"The filing described a workforce reduction tied to automation, with unions criticizing the pace of consultation.",Social,Negative,synthetic_hard_examples,,Company Orion,High,esg_hard_examples.csv
HARD_S_020,The company reported stronger employee retention after improving shift scheduling and mental health benefits.,Social,Positive,synthetic_hard_examples,,Company Prairie,Low,esg_hard_examples.csv
HARD_G_001,The board oversight review found that the audit committee did not escalate repeated internal controls issues quickly enough.,Governance,Negative,synthetic_hard_examples,,Company Quartz,High,esg_hard_examples.csv
HARD_G_002,Management revised executive compensation metrics to include longer-term operational and compliance performance.,Governance,Positive,synthetic_hard_examples,,Company Ridge,Low,esg_hard_examples.csv
HARD_G_003,The company disclosed a regulatory investigation related to possible bribery in overseas procurement contracts.,Governance,Negative,synthetic_hard_examples,,Company Summit,High,esg_hard_examples.csv
HARD_G_004,Shareholder rights were strengthened through a new proxy access policy and clearer voting procedures.,Governance,Positive,synthetic_hard_examples,,Company Timber,Low,esg_hard_examples.csv
HARD_G_005,The annual filing said the audit committee reviewed a material weakness in internal controls over contract approvals.,Governance,Negative,synthetic_hard_examples,,Company Union,High,esg_hard_examples.csv
HARD_G_006,The board added directors with risk and accounting backgrounds to improve oversight quality.,Governance,Positive,synthetic_hard_examples,,Company Vale,Low,esg_hard_examples.csv
HARD_G_007,The company updated its anti-corruption program and required annual certifications from higher-risk intermediaries.,Governance,Neutral,synthetic_hard_examples,,Company Willow,Medium,esg_hard_examples.csv
HARD_G_008,A whistleblower complaint alleged greenwashing in marketing claims about the sustainability of a flagship product line.,Governance,Negative,synthetic_hard_examples,,Company Xenon,High,esg_hard_examples.csv
HARD_G_009,Management described improved board oversight of cyber and compliance risks through quarterly committee reviews.,Governance,Positive,synthetic_hard_examples,,Company Yonder,Low,esg_hard_examples.csv
HARD_G_010,The issuer restated prior disclosures after identifying misleading disclosure around vendor due diligence controls.,Governance,Negative,synthetic_hard_examples,,Company Zenith,High,esg_hard_examples.csv
HARD_G_011,The proxy statement explained how executive compensation clawback rules were aligned with misconduct findings.,Governance,Neutral,synthetic_hard_examples,,Company Arbor,Medium,esg_hard_examples.csv
HARD_G_012,Regulators requested documents after the company disclosed weaknesses in anti-bribery monitoring.,Governance,Negative,synthetic_hard_examples,,Company Bristle,High,esg_hard_examples.csv
HARD_G_013,The governance report detailed how shareholder rights proposals would be reviewed by independent directors.,Governance,Neutral,synthetic_hard_examples,,Company Crest,Medium,esg_hard_examples.csv
HARD_G_014,The audit committee approved a remediation plan for internal controls gaps in inventory valuation.,Governance,Neutral,synthetic_hard_examples,,Company Dune,Medium,esg_hard_examples.csv
HARD_G_015,The company faced criticism after a regulatory investigation questioned the accuracy of sustainability-linked claims.,Governance,Negative,synthetic_hard_examples,,Company Echo,High,esg_hard_examples.csv
HARD_G_016,Board oversight of compliance was expanded after separating the chief executive and chair roles.,Governance,Positive,synthetic_hard_examples,,Company Flint,Low,esg_hard_examples.csv
HARD_G_017,The filing described a corruption probe involving distributor rebates and side agreements in one region.,Governance,Negative,synthetic_hard_examples,,Company Glade,High,esg_hard_examples.csv
HARD_G_018,The company refreshed its code of business conduct and tied violations to compensation consequences.,Governance,Positive,synthetic_hard_examples,,Company Haven,Low,esg_hard_examples.csv
HARD_G_019,Directors reviewed greenwashing controls for advertising and investor communications but did not change governance structure.,Governance,Neutral,synthetic_hard_examples,,Company Inlet,Medium,esg_hard_examples.csv
HARD_G_020,The audit committee disclosed recurring control failures in vendor onboarding and approval workflows.,Governance,Negative,synthetic_hard_examples,,Company Jasper,High,esg_hard_examples.csv
HARD_N_001,The company raised quarterly revenue guidance after stronger subscription renewals in North America.,Non-ESG,Positive,synthetic_hard_examples,,Company Kindle,Low,esg_hard_examples.csv
HARD_N_002,Management said foreign exchange volatility reduced reported sales despite stable unit demand.,Non-ESG,Negative,synthetic_hard_examples,,Company Ledger,Low,esg_hard_examples.csv
HARD_N_003,The firm launched a new product line aimed at premium customers in urban markets.,Non-ESG,Positive,synthetic_hard_examples,,Company Mosaic,Low,esg_hard_examples.csv
HARD_N_004,The quarterly update highlighted a share repurchase program funded by excess operating cash flow.,Non-ESG,Positive,synthetic_hard_examples,,Company Nimbus,Low,esg_hard_examples.csv
HARD_N_005,The company revised dividend policy after forecasting tighter free cash flow in the second half.,Non-ESG,Neutral,synthetic_hard_examples,,Company Opal,Low,esg_hard_examples.csv
HARD_N_006,Management said operating margin narrowed because inventory adjustment charges were higher than planned.,Non-ESG,Negative,synthetic_hard_examples,,Company Paragon,Low,esg_hard_examples.csv
HARD_N_007,The company expects market share gains after rolling out a lower-priced version of its main product.,Non-ESG,Positive,synthetic_hard_examples,,Company Quill,Low,esg_hard_examples.csv
HARD_N_008,Sales guidance was reduced after distributors delayed orders ahead of a regional pricing strategy reset.,Non-ESG,Negative,synthetic_hard_examples,,Company Radius,Low,esg_hard_examples.csv
HARD_N_009,The filing stated that new product launch timing remains unchanged despite a slower customer approval cycle.,Non-ESG,Neutral,synthetic_hard_examples,,Company Solace,Low,esg_hard_examples.csv
HARD_N_010,The company reported stronger operating margin as freight costs eased and product mix improved.,Non-ESG,Positive,synthetic_hard_examples,,Company Trident,Low,esg_hard_examples.csv
HARD_N_011,Inventory adjustment charges increased after demand shifted away from older consumer models.,Non-ESG,Negative,synthetic_hard_examples,,Company Umber,Low,esg_hard_examples.csv
HARD_N_012,Management approved an additional share repurchase authorization alongside unchanged capital expenditure guidance.,Non-ESG,Neutral,synthetic_hard_examples,,Company Vertex,Low,esg_hard_examples.csv
HARD_N_013,Quarterly revenue improved modestly even though foreign exchange reduced the reported growth rate.,Non-ESG,Positive,synthetic_hard_examples,,Company Warden,Low,esg_hard_examples.csv
HARD_N_014,The board discussed dividend coverage ratios after weaker operating margin in the consumer segment.,Non-ESG,Negative,synthetic_hard_examples,,Company Axion,Low,esg_hard_examples.csv
HARD_N_015,The company believes its pricing strategy will protect market share during a more promotional quarter.,Non-ESG,Neutral,synthetic_hard_examples,,Company Briar,Low,esg_hard_examples.csv
HARD_N_016,A new product launch in the enterprise segment supported improved sales guidance for the fiscal year.,Non-ESG,Positive,synthetic_hard_examples,,Company Cobalt,Low,esg_hard_examples.csv
HARD_N_017,Foreign exchange headwinds offset some benefits from higher unit volumes in Latin America.,Non-ESG,Negative,synthetic_hard_examples,,Company Driftwood,Low,esg_hard_examples.csv
HARD_N_018,Management said dividend payments would remain steady while inventory adjustment actions continue through year-end.,Non-ESG,Neutral,synthetic_hard_examples,,Company Ever,Low,esg_hard_examples.csv
HARD_N_019,The company expanded in-store distribution to defend market share before a major seasonal launch.,Non-ESG,Positive,synthetic_hard_examples,,Company Fable,Low,esg_hard_examples.csv
HARD_N_020,Sales guidance was maintained even as operating margin assumptions were revised downward for raw material costs.,Non-ESG,Neutral,synthetic_hard_examples,,Company Gale,Low,esg_hard_examples.csv
